{
    "best_hyperparameters": {
        "n_estimators": 1471,
        "learning_rate": 0.09517724358219597,
        "num_leaves": 169,
        "max_depth": 20,
        "min_child_samples": 31,
        "subsample": 0.8083128544126279,
        "colsample_bytree": 0.990268353177671,
        "reg_alpha": 0.0002212910345007585,
        "reg_lambda": 0.021898084290253462,
        "objective": "regression",
        "metric": "l2",
        "boosting_type": "gbdt",
        "device_type": "gpu",
        "force_col_wise": true,
        "verbosity": -1,
        "n_jobs": -1,
        "random_state": 42,
        "gpu_platform_id": 0,
        "gpu_device_id": 0
    },
    "best_r2_on_validation": 0.9997424751678363
}