{
    "best_hyperparameters": {
        "num_hidden_layers": 4,
        "activation": "LeakyReLU",
        "learning_rate": 0.0009673131757502491,
        "dropout": 0.06883679911093786,
        "weight_decay": 1.2567189296137215e-05,
        "optimizer": "AdamW",
        "layer_1_units": 434,
        "layer_2_units": 166,
        "layer_3_units": 127,
        "layer_4_units": 64
    },
    "best_r2_on_validation": 0.6327967643737793,
    "note": "R2 \u0438\u043d\u0432\u0430\u0440\u0438\u0430\u043d\u0442\u0435\u043d \u043a \u0441\u0442\u0430\u043d\u0434\u0430\u0440\u0442\u0438\u0437\u0430\u0446\u0438\u0438; \u043e\u0431\u0443\u0447\u0435\u043d\u0438\u0435 \u0432\u0435\u043b\u043e\u0441\u044c \u043d\u0430 \u0441\u0442\u0430\u043d\u0434\u0430\u0440\u0442\u0438\u0437\u043e\u0432\u0430\u043d\u043d\u044b\u0445 X,y."
}