{
    "best_hyperparameters": {
        "num_hidden_layers": 4,
        "activation": "ReLU",
        "learning_rate": 0.0008436863323266168,
        "dropout": 0.2067676853403866,
        "weight_decay": 0.00016782411790538975,
        "optimizer": "AdamW",
        "layer_1_units": 509,
        "layer_2_units": 225,
        "layer_3_units": 128,
        "layer_4_units": 59
    },
    "best_r2_on_validation": 0.7530291080474854,
    "note": "R2 \u0438\u043d\u0432\u0430\u0440\u0438\u0430\u043d\u0442\u0435\u043d \u043a \u0441\u0442\u0430\u043d\u0434\u0430\u0440\u0442\u0438\u0437\u0430\u0446\u0438\u0438; \u043e\u0431\u0443\u0447\u0435\u043d\u0438\u0435 \u0432\u0435\u043b\u043e\u0441\u044c \u043d\u0430 \u0441\u0442\u0430\u043d\u0434\u0430\u0440\u0442\u0438\u0437\u043e\u0432\u0430\u043d\u043d\u044b\u0445 X,y."
}