{
  "target": "SigyyE",
  "metrics_by_size": {
    "1": {
      "r2_mean": 0.42543935775756836,
      "rmse_mean": 1280.2702839635074,
      "mae_mean": 770.911376953125,
      "training_time_mean": 10.887960199994268,
      "predict_time_mean": 0.0030933000040628635,
      "model_size_mb_mean": 0.3822803497314453
    },
    "2": {
      "r2_mean": 0.12134695053100586,
      "rmse_mean": 1583.2242418558403,
      "mae_mean": 1130.2288818359375,
      "training_time_mean": 5.693538200008334,
      "predict_time_mean": 0.0029505666655798755,
      "model_size_mb_mean": 0.3822803497314453
    },
    "3": {
      "r2_mean": 0.20006966590881348,
      "rmse_mean": 1510.635876046905,
      "mae_mean": 1025.7655029296875,
      "training_time_mean": 6.645521200000076,
      "predict_time_mean": 0.0030808000010438263,
      "model_size_mb_mean": 0.3822803497314453
    },
    "4": {
      "r2_mean": 0.42227602005004883,
      "rmse_mean": 1283.7898484565144,
      "mae_mean": 797.38134765625,
      "training_time_mean": 9.324171499989461,
      "predict_time_mean": 0.003299733332823962,
      "model_size_mb_mean": 0.3822803497314453
    },
    "5": {
      "r2_mean": 0.4720000624656677,
      "rmse_mean": 1227.299780004869,
      "mae_mean": 674.5175170898438,
      "training_time_mean": 22.80179739999585,
      "predict_time_mean": 0.0031881666654953733,
      "model_size_mb_mean": 0.3822803497314453
    },
    "6": {
      "r2_mean": 0.5016006231307983,
      "rmse_mean": 1192.401358603721,
      "mae_mean": 693.744873046875,
      "training_time_mean": 18.4301892999938,
      "predict_time_mean": 0.003941899999820937,
      "model_size_mb_mean": 0.3822803497314453
    },
    "7": {
      "r2_mean": 0.512844979763031,
      "rmse_mean": 1178.8738800227952,
      "mae_mean": 650.3773193359375,
      "training_time_mean": 24.108740800002124,
      "predict_time_mean": 0.0027475666671913737,
      "model_size_mb_mean": 0.3822803497314453
    },
    "8": {
      "r2_mean": 0.5844628810882568,
      "rmse_mean": 1088.7762051955397,
      "mae_mean": 586.0551147460938,
      "training_time_mean": 25.538487699988764,
      "predict_time_mean": 0.003943566664626512,
      "model_size_mb_mean": 0.3822803497314453
    },
    "9": {
      "r2_mean": 0.5548970699310303,
      "rmse_mean": 1126.8444879396625,
      "mae_mean": 610.7648315429688,
      "training_time_mean": 21.55336000000534,
      "predict_time_mean": 0.00327359999937471,
      "model_size_mb_mean": 0.3822803497314453
    },
    "10": {
      "r2_mean": 0.4939473271369934,
      "rmse_mean": 1201.5216394222787,
      "mae_mean": 690.0784912109375,
      "training_time_mean": 19.847767700004624,
      "predict_time_mean": 0.0032883666669173786,
      "model_size_mb_mean": 0.382293701171875
    },
    "16": {
      "r2_mean": 0.6735700368881226,
      "rmse_mean": 965.0030764199666,
      "mae_mean": 456.274658203125,
      "training_time_mean": 48.48074620000261,
      "predict_time_mean": 0.00289649999467656,
      "model_size_mb_mean": 0.382293701171875
    },
    "24": {
      "r2_mean": 0.8285260796546936,
      "rmse_mean": 699.4114936859417,
      "mae_mean": 337.755615234375,
      "training_time_mean": 49.52128549999907,
      "predict_time_mean": 0.004631833333405666,
      "model_size_mb_mean": 0.382293701171875
    },
    "32": {
      "r2_mean": 0.8614290356636047,
      "rmse_mean": 628.7382702683208,
      "mae_mean": 301.11810302734375,
      "training_time_mean": 50.431066400007694,
      "predict_time_mean": 0.003217100000862653,
      "model_size_mb_mean": 0.382293701171875
    },
    "40": {
      "r2_mean": 0.8685891628265381,
      "rmse_mean": 612.2790162581109,
      "mae_mean": 293.7698669433594,
      "training_time_mean": 51.67870819999371,
      "predict_time_mean": 0.0036171333340462297,
      "model_size_mb_mean": 0.382293701171875
    },
    "56": {
      "r2_mean": 0.8860862851142883,
      "rmse_mean": 570.0615098390699,
      "mae_mean": 282.2184753417969,
      "training_time_mean": 55.87873559999571,
      "predict_time_mean": 0.002933733335036474,
      "model_size_mb_mean": 0.382293701171875
    },
    "72": {
      "r2_mean": 0.8925400376319885,
      "rmse_mean": 553.6777605250187,
      "mae_mean": 268.4698486328125,
      "training_time_mean": 59.742451700003585,
      "predict_time_mean": 0.0036970333312638104,
      "model_size_mb_mean": 0.382293701171875
    },
    "80": {
      "r2_mean": 0.8984402418136597,
      "rmse_mean": 538.2630630091572,
      "mae_mean": 268.3056640625,
      "training_time_mean": 61.503535299998475,
      "predict_time_mean": 0.004087200000261267,
      "model_size_mb_mean": 0.382293701171875
    },
    "160": {
      "r2_mean": 0.9126023054122925,
      "rmse_mean": 499.3254512339622,
      "mae_mean": 246.71151733398438,
      "training_time_mean": 81.1122783000028,
      "predict_time_mean": 0.0032213333276255676,
      "model_size_mb_mean": 0.3823070526123047
    },
    "240": {
      "r2_mean": 0.9176365733146667,
      "rmse_mean": 484.73119161551796,
      "mae_mean": 248.02777099609375,
      "training_time_mean": 416.78726710000774,
      "predict_time_mean": 0.0029874666700682915,
      "model_size_mb_mean": 0.3823070526123047
    },
    "320": {
      "r2_mean": 0.9201525449752808,
      "rmse_mean": 477.27023267746335,
      "mae_mean": 239.1107177734375,
      "training_time_mean": 1682.525170599998,
      "predict_time_mean": 0.003355766661115922,
      "model_size_mb_mean": 0.3823070526123047
    },
    "400": {
      "r2_mean": 0.9157072305679321,
      "rmse_mean": 490.37557354032225,
      "mae_mean": 246.4835205078125,
      "training_time_mean": 2189.070007800008,
      "predict_time_mean": 0.006736700001056306,
      "model_size_mb_mean": 0.3823070526123047
    }
  },
  "best_model_info": {
    "target": "SigyyE",
    "k": 320,
    "train_rows": 3924690,
    "r2": 0.9201525449752808,
    "rmse": 477.27023267746335,
    "mae": 239.1107177734375,
    "train_time_sec": 1682.525170599998,
    "predict_time_sec": 0.003355766661115922,
    "mode": "full",
    "microbatch": null,
    "model_size_mb": 0.3823070526123047,
    "model_path": "C:\\Users\\ivano\\YandexDisk-Alexey\\research_project\\results\\02_trained_models\\mpl\\SigyyE\\model_320_SigyyE_best.pt"
  },
  "totals": {
    "script_wall_time_sec": 10108.9228784,
    "target_wall_time_sec": 4911.5627867
  },
  "environment": {
    "device": "cuda",
    "gpu_name": "NVIDIA GeForce RTX 4070"
  }
}